{
  "p11": [
    0.35381858285084095,
    0.2601553166069294
  ],
  "dx": 0.01512096774193548,
  "dy": -0.004077060931899653
}